a.name_decoded,nb_path,avg_duration
England,1842,198.37839305103174
United_Kingdom,2247,194.47708055184683
United_States,4932,190.35523114355254
World_War_II,1287,181.02408702408735
Africa,1490,179.74563758389263
North_America,1058,171.53119092627594
Earth,1725,170.2017391304348
Europe,2376,167.71464646464656
Germany,1011,162.7250247279921